GEOID,NAME,B01003_001E,B19013_001E,B19113_001E,B17001_001E,B17001_002E,B03002_001E,B03002_003E,B03002_004E,B03002_006E,B03002_012E,state,county,tract
10001040100,Census Tract 401; Kent County; Delaware,7503,75409,88426,7473,886,7503,6458,417,44,526,10,001,040100
10001040201,Census Tract 402.01; Kent County; Delaware,5280,85956,93144,5263,377,5280,3143,1545,73,323,10,001,040201
10001040203,Census Tract 402.03; Kent County; Delaware,5133,70377,101742,5133,737,5133,2771,1576,60,569,10,001,040203
10001040204,Census Tract 402.04; Kent County; Delaware,6356,96233,120328,6172,244,6356,3114,2099,126,450,10,001,040204
10001040205,Census Tract 402.05; Kent County; Delaware,5170,65723,66777,5170,458,5170,3104,1415,100,319,10,001,040205
10001040206,Census Tract 402.06; Kent County; Delaware,8647,100578,102325,8474,101,8647,3978,3132,399,937,10,001,040206
10001040501,Census Tract 405.01; Kent County; Delaware,4697,62157,64219,4663,835,4697,2339,1596,69,417,10,001,040501
10001040502,Census Tract 405.02; Kent County; Delaware,2754,90227,102639,2754,193,2754,1318,593,5,634,10,001,040502
10001040700,Census Tract 407; Kent County; Delaware,5328,84517,105000,5132,641,5328,2484,1942,135,528,10,001,040700
10001040900,Census Tract 409; Kent County; Delaware,2177,39981,48308,1707,335,2177,1075,712,99,124,10,001,040900
10001041000,Census Tract 410; Kent County; Delaware,7265,60947,67750,7147,1026,7265,2354,3112,245,1233,10,001,041000
10001041101,Census Tract 411.01; Kent County; Delaware,3026,71181,74750,2986,73,3026,1688,343,11,949,10,001,041101
10001041200,Census Tract 412; Kent County; Delaware,4138,75266,79844,4052,456,4138,1400,1201,295,678,10,001,041200
10001041300,Census Tract 413; Kent County; Delaware,2034,37050,34788,2033,715,2034,770,1001,0,127,10,001,041300
10001041400,Census Tract 414; Kent County; Delaware,4141,46549,69102,3957,955,4141,983,2425,51,286,10,001,041400
10001041500,Census Tract 415; Kent County; Delaware,4283,57383,80455,4283,839,4283,2619,1175,19,307,10,001,041500
10001041600,Census Tract 416; Kent County; Delaware,2352,73043,62083,2352,529,2352,1386,462,102,113,10,001,041600
10001041701,Census Tract 417.01; Kent County; Delaware,6325,66703,81283,6315,440,6325,3286,2078,191,442,10,001,041701
10001041702,Census Tract 417.02; Kent County; Delaware,4456,91691,99750,4447,461,4456,2885,1233,105,78,10,001,041702
10001041802,Census Tract 418.02; Kent County; Delaware,5805,60649,87560,5805,187,5805,2950,1759,234,412,10,001,041802
10001041803,Census Tract 418.03; Kent County; Delaware,4477,68800,68580,4477,983,4477,1789,1442,41,929,10,001,041803
10001041804,Census Tract 418.04; Kent County; Delaware,5911,76222,78589,5911,645,5911,3346,1301,356,233,10,001,041804
10001041900,Census Tract 419; Kent County; Delaware,4963,71013,93242,4904,394,4963,4144,237,11,107,10,001,041900
10001042000,Census Tract 420; Kent County; Delaware,2985,92799,100175,2985,214,2985,2764,59,0,5,10,001,042000
10001042100,Census Tract 421; Kent County; Delaware,4506,83438,106016,4495,605,4506,2742,937,28,435,10,001,042100
10001042203,Census Tract 422.03; Kent County; Delaware,6217,97778,118422,6017,361,6217,3507,1951,150,104,10,001,042203
10001042204,Census Tract 422.04; Kent County; Delaware,4952,122500,124764,4952,82,4952,2874,1021,300,353,10,001,042204
10001042205,Census Tract 422.05; Kent County; Delaware,2815,57744,58783,2815,658,2815,1206,920,25,290,10,001,042205
10001042206,Census Tract 422.06; Kent County; Delaware,2605,90805,84097,2605,214,2605,1705,742,0,98,10,001,042206
10001042207,Census Tract 422.07; Kent County; Delaware,2536,103077,102981,2534,187,2536,1743,254,24,204,10,001,042207
10001042208,Census Tract 422.08; Kent County; Delaware,4243,71528,125562,4243,491,4243,2655,953,47,239,10,001,042208
10001042500,Census Tract 425; Kent County; Delaware,4383,41923,56708,4320,1079,4383,1874,1934,84,264,10,001,042500
10001042801,Census Tract 428.01; Kent County; Delaware,2028,60898,90833,1977,63,2028,1963,37,0,7,10,001,042801
10001042802,Census Tract 428.02; Kent County; Delaware,5777,83105,104375,5777,614,5777,4427,953,51,213,10,001,042802
10001042900,Census Tract 429; Kent County; Delaware,5359,71146,83235,5350,622,5359,4425,566,0,170,10,001,042900
10001043000,Census Tract 430; Kent County; Delaware,6000,74288,91972,6000,620,6000,4822,537,124,409,10,001,043000
10001043100,Census Tract 431; Kent County; Delaware,2451,103080,112532,2437,192,2451,2149,134,153,15,10,001,043100
10001043202,Census Tract 432.02; Kent County; Delaware,3826,61406,65250,3802,571,3826,3113,364,39,26,10,001,043202
10001043300,Census Tract 433; Kent County; Delaware,6426,51154,55417,3536,892,6426,1411,3695,263,672,10,001,043300
10001043400,Census Tract 434; Kent County; Delaware,5660,78750,105139,5585,348,5660,3813,967,57,420,10,001,043400
10001980000,Census Tract 9800; Kent County; Delaware,53,-666666666,-666666666,0,0,53,34,10,3,4,10,001,980000
10001990000,Census Tract 9900; Kent County; Delaware,0,-666666666,-666666666,0,0,0,0,0,0,0,10,001,990000
10003000200,Census Tract 2; New Castle County; Delaware,4992,48150,100868,4992,438,4992,990,3463,0,380,10,003,000200
10003000300,Census Tract 3; New Castle County; Delaware,3498,57969,68372,3498,1003,3498,466,2484,0,390,10,003,000300
10003000400,Census Tract 4; New Castle County; Delaware,2962,34263,152656,2922,759,2962,1244,1360,0,314,10,003,000400
10003000500,Census Tract 5; New Castle County; Delaware,3150,77054,105434,3150,388,3150,473,2158,64,197,10,003,000500
10003000601,Census Tract 6.01; New Castle County; Delaware,2398,45875,55625,2287,728,2398,102,2233,0,21,10,003,000601
10003000602,Census Tract 6.02; New Castle County; Delaware,2815,43750,110759,2815,341,2815,294,2132,65,136,10,003,000602
10003000900,Census Tract 9; New Castle County; Delaware,2377,41078,62917,2368,585,2377,60,1852,0,339,10,003,000900
10003001100,Census Tract 11; New Castle County; Delaware,3221,65246,226250,3129,599,3221,2519,282,125,161,10,003,001100
10003001200,Census Tract 12; New Castle County; Delaware,1779,87155,167625,1694,26,1779,1491,174,1,33,10,003,001200
10003001300,Census Tract 13; New Castle County; Delaware,3763,153343,247500,3763,122,3763,3261,15,0,130,10,003,001300
10003001400,Census Tract 14; New Castle County; Delaware,2251,61439,62224,2107,721,2251,1031,749,10,328,10,003,001400
10003001500,Census Tract 15; New Castle County; Delaware,2109,58611,78229,2109,639,2109,571,1273,0,151,10,003,001500
10003001600,Census Tract 16; New Castle County; Delaware,2483,38581,54643,2466,768,2483,442,1647,0,170,10,003,001600
10003001902,Census Tract 19.02; New Castle County; Delaware,2187,66451,52298,2179,501,2187,307,1321,250,230,10,003,001902
10003002100,Census Tract 21; New Castle County; Delaware,1237,35074,-666666666,1237,497,1237,173,873,34,83,10,003,002100
10003002200,Census Tract 22; New Castle County; Delaware,3247,46103,41714,3097,1115,3247,39,1152,0,1946,10,003,002200
10003002300,Census Tract 23; New Castle County; Delaware,2421,41351,53496,2415,605,2421,185,1318,97,678,10,003,002300
10003002400,Census Tract 24; New Castle County; Delaware,4512,41438,49025,4367,1104,4512,2308,1548,4,302,10,003,002400
10003002500,Census Tract 25; New Castle County; Delaware,3678,70108,87833,3678,482,3678,1654,1190,20,791,10,003,002500
10003002600,Census Tract 26; New Castle County; Delaware,4310,51181,59938,4195,1176,4310,1288,1922,41,658,10,003,002600
10003002700,Census Tract 27; New Castle County; Delaware,2997,71496,70797,2997,468,2997,698,1464,224,527,10,003,002700
10003002800,Census Tract 28; New Castle County; Delaware,2373,54153,-666666666,2348,679,2373,721,1185,176,188,10,003,002800
10003002900,Census Tract 29; New Castle County; Delaware,3305,26029,-666666666,3305,1371,3305,213,2816,9,99,10,003,002900
10003003002,Census Tract 30.02; New Castle County; Delaware,3059,35662,45800,1815,887,3059,541,2098,0,177,10,003,003002
10003010104,Census Tract 101.04; New Castle County; Delaware,4087,58565,75164,4087,505,4087,2297,1189,0,495,10,003,010104
10003010105,Census Tract 101.05; New Castle County; Delaware,2555,81992,102778,2554,218,2555,1068,575,565,195,10,003,010105
10003010106,Census Tract 101.06; New Castle County; Delaware,1681,48681,86713,1681,189,1681,572,883,151,31,10,003,010106
10003010200,Census Tract 102; New Castle County; Delaware,2149,112847,130179,2129,67,2149,1171,501,95,310,10,003,010200
10003010300,Census Tract 103; New Castle County; Delaware,3585,102598,125887,3585,309,3585,1762,798,541,301,10,003,010300
10003010400,Census Tract 104; New Castle County; Delaware,4902,85391,108690,4880,471,4902,3517,804,266,192,10,003,010400
10003010502,Census Tract 105.02; New Castle County; Delaware,5803,85528,118292,5663,698,5803,4146,896,216,177,10,003,010502
10003010703,Census Tract 107.03; New Castle County; Delaware,1834,86979,88617,1827,543,1834,1054,676,56,15,10,003,010703
10003010704,Census Tract 107.04; New Castle County; Delaware,3962,76976,82673,3962,353,3962,1150,2342,119,346,10,003,010704
10003010800,Census Tract 108; New Castle County; Delaware,4885,103482,123500,4667,225,4885,3636,634,274,161,10,003,010800
10003010900,Census Tract 109; New Castle County; Delaware,2664,94922,126188,2664,169,2664,2356,167,6,85,10,003,010900
10003011000,Census Tract 110; New Castle County; Delaware,3353,132083,161827,3353,43,3353,2634,285,23,229,10,003,011000
10003011100,Census Tract 111; New Castle County; Delaware,2671,104891,127375,2653,107,2671,2265,36,109,148,10,003,011100
10003011201,Census Tract 112.01; New Castle County; Delaware,2684,131169,176250,2410,93,2684,1915,109,431,88,10,003,011201
10003011202,Census Tract 112.02; New Castle County; Delaware,4029,111607,157096,4029,56,4029,3225,263,267,86,10,003,011202
10003011203,Census Tract 112.03; New Castle County; Delaware,4822,75250,90150,4822,494,4822,2197,1505,470,98,10,003,011203
10003011204,Census Tract 112.04; New Castle County; Delaware,3321,104138,104909,3313,183,3321,2591,308,55,157,10,003,011204
10003011205,Census Tract 112.05; New Castle County; Delaware,2127,138542,150286,2127,155,2127,1828,165,44,65,10,003,011205
10003011206,Census Tract 112.06; New Castle County; Delaware,4185,145227,169107,4137,92,4185,3885,30,119,62,10,003,011206
10003011300,Census Tract 113; New Castle County; Delaware,2580,140417,147171,2552,46,2580,2038,269,96,89,10,003,011300
10003011400,Census Tract 114; New Castle County; Delaware,3549,160119,181019,3481,46,3549,3289,89,98,0,10,003,011400
10003011500,Census Tract 115; New Castle County; Delaware,3073,111897,139568,3059,43,3073,2537,125,121,241,10,003,011500
10003011600,Census Tract 116; New Castle County; Delaware,3463,130724,147000,3391,95,3463,3017,247,59,68,10,003,011600
10003011700,Census Tract 117; New Castle County; Delaware,4234,238750,250001,4231,65,4234,3348,120,326,332,10,003,011700
10003011800,Census Tract 118; New Castle County; Delaware,4350,137662,218958,4306,233,4350,3407,72,669,132,10,003,011800
10003011900,Census Tract 119; New Castle County; Delaware,3150,175625,241250,3150,420,3150,2271,80,140,357,10,003,011900
10003012000,Census Tract 120; New Castle County; Delaware,3958,71429,82500,3953,275,3958,2515,617,26,685,10,003,012000
10003012100,Census Tract 121; New Castle County; Delaware,3010,77157,117401,2941,128,3010,2372,393,9,209,10,003,012100
10003012200,Census Tract 122; New Castle County; Delaware,4576,59989,86836,4558,272,4576,2427,863,50,758,10,003,012200
10003012300,Census Tract 123; New Castle County; Delaware,3133,65924,84400,3133,643,3133,1502,513,33,1000,10,003,012300
10003012400,Census Tract 124; New Castle County; Delaware,4493,75434,93565,4485,900,4493,2076,592,35,1737,10,003,012400
10003012500,Census Tract 125; New Castle County; Delaware,4979,74188,97294,4979,458,4979,2647,797,34,1083,10,003,012500
10003012600,Census Tract 126; New Castle County; Delaware,2902,97917,109464,2901,67,2902,2118,69,46,519,10,003,012600
10003012700,Census Tract 127; New Castle County; Delaware,4320,57470,90850,4320,535,4320,2872,530,45,770,10,003,012700
10003012900,Census Tract 129; New Castle County; Delaware,4560,61211,75972,4530,927,4560,1945,1395,15,1065,10,003,012900
10003013000,Census Tract 130; New Castle County; Delaware,1902,91705,94082,1902,55,1902,1379,26,102,240,10,003,013000
10003013100,Census Tract 131; New Castle County; Delaware,2292,89712,91414,2286,58,2292,1414,258,68,476,10,003,013100
10003013200,Census Tract 132; New Castle County; Delaware,2751,62692,85938,2733,280,2751,1465,422,47,732,10,003,013200
10003013300,Census Tract 133; New Castle County; Delaware,1918,81631,90450,1918,5,1918,1361,13,0,451,10,003,013300
10003013400,Census Tract 134; New Castle County; Delaware,2329,106131,126864,2315,174,2329,1938,90,105,150,10,003,013400
10003013501,Census Tract 135.01; New Castle County; Delaware,6957,148786,166372,6543,109,6957,5805,151,612,241,10,003,013501
10003013505,Census Tract 135.05; New Castle County; Delaware,3738,168661,200096,3738,173,3738,2804,110,545,51,10,003,013505
10003013506,Census Tract 135.06; New Castle County; Delaware,4440,163125,177615,4440,26,4440,3654,188,405,51,10,003,013506
10003013507,Census Tract 135.07; New Castle County; Delaware,1635,130579,136563,1635,62,1635,1318,39,149,45,10,003,013507
10003013508,Census Tract 135.08; New Castle County; Delaware,6400,193036,223636,6400,26,6400,5135,70,410,325,10,003,013508
10003013604,Census Tract 136.04; New Castle County; Delaware,4156,124583,139438,4115,106,4156,3168,177,316,438,10,003,013604
10003013607,Census Tract 136.07; New Castle County; Delaware,5650,82594,110359,5449,494,5650,3339,784,545,639,10,003,013607
10003013608,Census Tract 136.08; New Castle County; Delaware,2028,80650,113929,2026,159,2028,1595,88,28,191,10,003,013608
10003013610,Census Tract 136.10; New Castle County; Delaware,5227,117472,160329,5132,199,5227,3894,240,184,632,10,003,013610
10003013611,Census Tract 136.11; New Castle County; Delaware,5880,101380,138129,5865,255,5880,4369,647,50,358,10,003,013611
10003013612,Census Tract 136.12; New Castle County; Delaware,5588,146477,163938,5389,73,5588,3142,238,1555,343,10,003,013612
10003013613,Census Tract 136.13; New Castle County; Delaware,5948,135865,164464,5708,169,5948,4492,163,592,348,10,003,013613
10003013614,Census Tract 136.14; New Castle County; Delaware,3182,80221,81985,3140,314,3182,1491,482,121,916,10,003,013614
10003013615,Census Tract 136.15; New Castle County; Delaware,4125,73264,79088,4125,247,4125,2260,270,389,943,10,003,013615
10003013700,Census Tract 137; New Castle County; Delaware,3901,79503,91492,3901,499,3901,1566,915,185,1027,10,003,013700
10003013800,Census Tract 138; New Castle County; Delaware,6027,86204,97309,5891,255,6027,3261,356,1811,452,10,003,013800
10003013901,Census Tract 139.01; New Castle County; Delaware,3171,69814,72146,3171,159,3171,1452,450,21,1114,10,003,013901
10003013903,Census Tract 139.03; New Castle County; Delaware,5314,109016,139091,5314,444,5314,2796,1713,231,301,10,003,013903
10003013905,Census Tract 139.05; New Castle County; Delaware,4105,107404,90870,4089,209,4105,1842,1076,778,278,10,003,013905
10003013906,Census Tract 139.06; New Castle County; Delaware,4136,106250,162856,4136,6,4136,1571,1076,1041,308,10,003,013906
10003014000,Census Tract 140; New Castle County; Delaware,4612,73871,112938,4577,687,4612,1871,1539,267,809,10,003,014000
10003014100,Census Tract 141; New Castle County; Delaware,4891,66894,68182,4861,820,4891,2577,1396,84,601,10,003,014100
10003014200,Census Tract 142; New Castle County; Delaware,1594,78281,90865,1594,10,1594,1190,83,28,89,10,003,014200
10003014301,Census Tract 143.01; New Castle County; Delaware,1621,143000,142486,1621,6,1621,1452,28,46,29,10,003,014301
10003014302,Census Tract 143.02; New Castle County; Delaware,5071,123438,181607,2266,197,5071,3945,435,329,194,10,003,014302
10003014402,Census Tract 144.02; New Castle County; Delaware,2889,87083,134792,2864,571,2889,2089,105,257,98,10,003,014402
10003014403,Census Tract 144.03; New Castle County; Delaware,3655,89702,131192,3551,901,3655,2152,594,161,557,10,003,014403
10003014404,Census Tract 144.04; New Castle County; Delaware,4169,88187,96220,4169,891,4169,1835,633,835,591,10,003,014404
10003014501,Census Tract 145.01; New Castle County; Delaware,2171,27037,42250,2171,1590,2171,1544,234,86,276,10,003,014501
10003014502,Census Tract 145.02; New Castle County; Delaware,7426,29671,111111,2460,1547,7426,5760,462,511,444,10,003,014502
10003014702,Census Tract 147.02; New Castle County; Delaware,1937,100000,99276,1937,263,1937,967,320,50,469,10,003,014702
10003014703,Census Tract 147.03; New Castle County; Delaware,5172,67614,75329,5172,590,5172,2526,1060,202,1196,10,003,014703
10003014705,Census Tract 147.05; New Castle County; Delaware,5916,74750,71476,5852,989,5916,2843,1016,763,1115,10,003,014705
10003014706,Census Tract 147.06; New Castle County; Delaware,3195,98726,125240,3171,289,3195,1014,1459,124,429,10,003,014706
10003014803,Census Tract 148.03; New Castle County; Delaware,4034,82675,126250,3990,463,4034,2501,561,356,489,10,003,014803
10003014808,Census Tract 148.08; New Castle County; Delaware,6605,82207,97023,6605,282,6605,2478,2677,387,846,10,003,014808
10003014809,Census Tract 148.09; New Castle County; Delaware,8352,107906,142617,8260,775,8352,5110,2137,531,325,10,003,014809
10003014810,Census Tract 148.10; New Castle County; Delaware,7039,107009,125777,6978,410,7039,4084,1839,179,538,10,003,014810
10003014811,Census Tract 148.11; New Castle County; Delaware,6739,148210,149137,6720,204,6739,2888,956,2136,441,10,003,014811
10003014812,Census Tract 148.12; New Castle County; Delaware,4820,126399,135771,4820,268,4820,2880,1394,366,106,10,003,014812
10003014813,Census Tract 148.13; New Castle County; Delaware,5634,95856,93153,5634,328,5634,2213,523,647,1253,10,003,014813
10003014814,Census Tract 148.14; New Castle County; Delaware,4053,111759,112129,4053,218,4053,2070,1036,367,417,10,003,014814
10003014903,Census Tract 149.03; New Castle County; Delaware,7556,79844,83941,7556,1170,7556,1577,2208,650,2781,10,003,014903
10003014904,Census Tract 149.04; New Castle County; Delaware,5748,81164,100489,5674,281,5748,2465,1595,402,933,10,003,014904
10003014906,Census Tract 149.06; New Castle County; Delaware,5407,58638,59469,5407,915,5407,812,2962,358,826,10,003,014906
10003014907,Census Tract 149.07; New Castle County; Delaware,5401,73852,79369,5338,346,5401,1187,2567,370,1140,10,003,014907
10003014908,Census Tract 149.08; New Castle County; Delaware,2506,36919,41196,2506,459,2506,454,1451,0,449,10,003,014908
10003014909,Census Tract 149.09; New Castle County; Delaware,6619,64418,77396,6619,795,6619,1641,3738,77,1029,10,003,014909
10003015000,Census Tract 150; New Castle County; Delaware,5510,89743,102111,5510,815,5510,2863,1218,39,1132,10,003,015000
10003015100,Census Tract 151; New Castle County; Delaware,3280,59883,69122,3280,507,3280,1716,901,0,469,10,003,015100
10003015200,Census Tract 152; New Castle County; Delaware,6079,79337,96379,5538,433,6079,2105,1404,304,1701,10,003,015200
10003015400,Census Tract 154; New Castle County; Delaware,2877,61283,66295,2877,422,2877,160,2071,0,627,10,003,015400
10003015502,Census Tract 155.02; New Castle County; Delaware,2327,59479,77589,2327,273,2327,454,1052,0,766,10,003,015502
10003015600,Census Tract 156; New Castle County; Delaware,2490,68319,90278,2461,150,2490,419,1228,0,712,10,003,015600
10003015802,Census Tract 158.02; New Castle County; Delaware,2245,61550,68580,2245,92,2245,932,392,0,842,10,003,015802
10003015900,Census Tract 159; New Castle County; Delaware,3414,85208,87044,3414,246,3414,1881,912,53,422,10,003,015900
10003016000,Census Tract 160; New Castle County; Delaware,2852,59525,76681,2852,468,2852,552,1233,58,694,10,003,016000
10003016100,Census Tract 161; New Castle County; Delaware,1965,73716,99219,1965,50,1965,1415,472,32,16,10,003,016100
10003016200,Census Tract 162; New Castle County; Delaware,2783,100922,109293,2783,136,2783,1832,655,17,221,10,003,016200
10003016301,Census Tract 163.01; New Castle County; Delaware,7357,96080,95875,7341,764,7357,3128,2423,540,1089,10,003,016301
10003016306,Census Tract 163.06; New Castle County; Delaware,4570,111458,119951,4402,374,4570,1983,1837,152,378,10,003,016306
10003016307,Census Tract 163.07; New Castle County; Delaware,2257,114935,113583,2247,79,2257,1168,874,30,172,10,003,016307
10003016308,Census Tract 163.08; New Castle County; Delaware,4073,68684,88854,4073,654,4073,878,2599,134,420,10,003,016308
10003016309,Census Tract 163.09; New Castle County; Delaware,4311,62535,91477,4311,547,4311,1320,2423,0,528,10,003,016309
10003016401,Census Tract 164.01; New Castle County; Delaware,6806,143232,170215,6799,478,6806,2983,2270,918,436,10,003,016401
10003016404,Census Tract 164.04; New Castle County; Delaware,3133,88173,94688,3095,199,3133,2158,390,13,316,10,003,016404
10003016608,Census Tract 166.08; New Castle County; Delaware,7361,110482,122798,7361,230,7361,4803,1078,750,509,10,003,016608
10003016609,Census Tract 166.09; New Castle County; Delaware,4955,169511,168750,4941,250,4955,3781,722,86,217,10,003,016609
10003016610,Census Tract 166.10; New Castle County; Delaware,7033,82210,92642,6935,807,7033,3614,2464,150,281,10,003,016610
10003016611,Census Tract 166.11; New Castle County; Delaware,9519,153498,156797,9421,171,9519,4825,2584,1186,576,10,003,016611
10003016612,Census Tract 166.12; New Castle County; Delaware,6803,157225,171014,6789,298,6803,4529,1221,455,481,10,003,016612
10003016613,Census Tract 166.13; New Castle County; Delaware,5543,125658,144813,5543,286,5543,2581,1939,0,485,10,003,016613
10003016614,Census Tract 166.14; New Castle County; Delaware,6868,134111,152847,6603,39,6868,4877,1241,285,293,10,003,016614
10003016805,Census Tract 168.05; New Castle County; Delaware,1805,102143,129569,1805,118,1805,1701,37,0,49,10,003,016805
10003016806,Census Tract 168.06; New Castle County; Delaware,5791,137273,139625,5750,294,5791,2554,1647,832,258,10,003,016806
10003016807,Census Tract 168.07; New Castle County; Delaware,1611,158177,158646,1593,110,1611,1267,78,0,186,10,003,016807
10003016808,Census Tract 168.08; New Castle County; Delaware,6955,140819,150634,6934,82,6955,4261,1787,208,503,10,003,016808
10003016901,Census Tract 169.01; New Castle County; Delaware,2440,95391,116678,2440,324,2440,2222,50,7,147,10,003,016901
10003016904,Census Tract 169.04; New Castle County; Delaware,3632,96063,85329,1870,165,3632,2132,1153,5,231,10,003,016904
10003980100,Census Tract 9801; New Castle County; Delaware,0,-666666666,-666666666,0,0,0,0,0,0,0,10,003,980100
10003990100,Census Tract 9901; New Castle County; Delaware,0,-666666666,-666666666,0,0,0,0,0,0,0,10,003,990100
10005050101,Census Tract 501.01; Sussex County; Delaware,4485,81065,96990,4402,202,4485,3170,703,65,364,10,005,050101
10005050103,Census Tract 501.03; Sussex County; Delaware,5262,83629,94837,5262,499,5262,4132,507,284,156,10,005,050103
10005050104,Census Tract 501.04; Sussex County; Delaware,5368,57019,70234,5229,1275,5368,2662,937,93,1498,10,005,050104
10005050105,Census Tract 501.05; Sussex County; Delaware,6294,67955,78710,6294,627,6294,3488,1700,0,870,10,005,050105
10005050200,Census Tract 502; Sussex County; Delaware,4279,66201,65700,4065,574,4279,2399,837,0,844,10,005,050200
10005050302,Census Tract 503.02; Sussex County; Delaware,5945,62088,79044,5893,1355,5945,3450,979,15,1368,10,005,050302
10005050303,Census Tract 503.03; Sussex County; Delaware,3299,69420,89621,3246,140,3299,2217,534,12,483,10,005,050303
10005050304,Census Tract 503.04; Sussex County; Delaware,4410,67955,85817,4367,758,4410,2771,777,28,665,10,005,050304
10005050401,Census Tract 504.01; Sussex County; Delaware,3533,68458,81000,3533,493,3533,2868,315,0,26,10,005,050401
10005050403,Census Tract 504.03; Sussex County; Delaware,3257,69583,83207,3249,287,3257,2003,562,9,573,10,005,050403
10005050405,Census Tract 504.05; Sussex County; Delaware,4964,62943,64387,4900,485,4964,3163,842,152,307,10,005,050405
10005050406,Census Tract 504.06; Sussex County; Delaware,5196,51944,54471,4945,1255,5196,1900,1784,26,927,10,005,050406
10005050407,Census Tract 504.07; Sussex County; Delaware,6148,58241,74485,6097,1864,6148,2913,1542,27,676,10,005,050407
10005050408,Census Tract 504.08; Sussex County; Delaware,4233,61027,87222,4198,663,4233,2285,832,19,789,10,005,050408
10005050501,Census Tract 505.01; Sussex County; Delaware,4363,82935,93631,4298,390,4363,3006,228,40,692,10,005,050501
10005050503,Census Tract 505.03; Sussex County; Delaware,6184,45774,46929,5934,912,6184,885,646,3,4546,10,005,050503
10005050505,Census Tract 505.05; Sussex County; Delaware,2416,72569,73750,1311,112,2416,1427,528,13,314,10,005,050505
10005050506,Census Tract 505.06; Sussex County; Delaware,3290,74141,79231,3290,274,3290,1817,352,13,949,10,005,050506
10005050601,Census Tract 506.01; Sussex County; Delaware,5598,82229,80545,5533,573,5598,4138,373,0,853,10,005,050601
10005050603,Census Tract 506.03; Sussex County; Delaware,3551,84146,84792,3301,101,3551,2122,593,139,283,10,005,050603
10005050604,Census Tract 506.04; Sussex County; Delaware,5345,64256,80559,5345,1492,5345,3252,774,30,1198,10,005,050604
10005050701,Census Tract 507.01; Sussex County; Delaware,4681,80306,91875,4606,479,4681,3400,378,130,553,10,005,050701
10005050703,Census Tract 507.03; Sussex County; Delaware,1862,62679,65795,1861,328,1862,1176,259,11,299,10,005,050703
10005050706,Census Tract 507.06; Sussex County; Delaware,1618,77292,111154,1618,128,1618,1314,13,19,27,10,005,050706
10005050707,Census Tract 507.07; Sussex County; Delaware,2392,59529,79390,2392,80,2392,2124,175,36,27,10,005,050707
10005050708,Census Tract 507.08; Sussex County; Delaware,3911,80458,91542,3911,332,3911,3152,126,60,228,10,005,050708
10005050709,Census Tract 507.09; Sussex County; Delaware,1737,94531,134821,1737,69,1737,1672,10,0,43,10,005,050709
10005050710,Census Tract 507.10; Sussex County; Delaware,2412,60156,58750,2404,206,2412,1772,0,0,533,10,005,050710
10005050711,Census Tract 507.11; Sussex County; Delaware,1138,44952,58542,1138,151,1138,987,23,0,37,10,005,050711
10005050801,Census Tract 508.01; Sussex County; Delaware,4142,76181,92531,4125,190,4142,3090,444,29,384,10,005,050801
10005050804,Census Tract 508.04; Sussex County; Delaware,4141,108365,115188,4111,163,4141,3294,228,42,318,10,005,050804
10005050805,Census Tract 508.05; Sussex County; Delaware,3812,113850,113650,3806,404,3812,3452,121,0,202,10,005,050805
10005050806,Census Tract 508.06; Sussex County; Delaware,4507,71989,89643,4507,575,4507,4067,177,79,111,10,005,050806
10005050807,Census Tract 508.07; Sussex County; Delaware,1587,65789,78269,1587,336,1587,1102,142,275,44,10,005,050807
10005050808,Census Tract 508.08; Sussex County; Delaware,3968,75608,129397,3968,221,3968,3325,143,0,272,10,005,050808
10005050903,Census Tract 509.03; Sussex County; Delaware,1978,116528,152460,1810,47,1978,1740,17,79,76,10,005,050903
10005050904,Census Tract 509.04; Sussex County; Delaware,2561,82375,128788,2519,336,2561,2359,35,13,85,10,005,050904
10005050905,Census Tract 509.05; Sussex County; Delaware,3425,82072,96010,3425,230,3425,3341,0,0,75,10,005,050905
10005051008,Census Tract 510.08; Sussex County; Delaware,4460,103860,145987,4460,145,4460,3699,553,95,82,10,005,051008
10005051009,Census Tract 510.09; Sussex County; Delaware,2375,167656,184247,2375,80,2375,2121,56,141,57,10,005,051009
10005051010,Census Tract 510.10; Sussex County; Delaware,3181,77708,108519,3181,265,3181,2966,2,37,81,10,005,051010
10005051011,Census Tract 510.11; Sussex County; Delaware,3861,110471,135298,3861,262,3861,3155,220,226,97,10,005,051011
10005051012,Census Tract 510.12; Sussex County; Delaware,2045,82239,101172,2045,223,2045,1880,38,23,6,10,005,051012
10005051013,Census Tract 510.13; Sussex County; Delaware,4347,93363,100720,4340,311,4347,3609,96,124,259,10,005,051013
10005051014,Census Tract 510.14; Sussex County; Delaware,1917,88667,103000,1917,68,1917,1786,9,0,33,10,005,051014
10005051015,Census Tract 510.15; Sussex County; Delaware,2091,118342,128115,2091,77,2091,1730,63,10,216,10,005,051015
10005051016,Census Tract 510.16; Sussex County; Delaware,2218,97679,146630,2218,201,2218,1967,0,43,63,10,005,051016
10005051017,Census Tract 510.17; Sussex County; Delaware,4005,100658,127125,4005,285,4005,3680,18,81,84,10,005,051017
10005051101,Census Tract 511.01; Sussex County; Delaware,929,155288,183750,916,37,929,842,1,10,21,10,005,051101
10005051102,Census Tract 511.02; Sussex County; Delaware,1088,110556,123958,1088,66,1088,855,2,16,69,10,005,051102
10005051103,Census Tract 511.03; Sussex County; Delaware,1080,116875,170750,1080,59,1080,1063,3,0,3,10,005,051103
10005051201,Census Tract 512.01; Sussex County; Delaware,1376,104821,132708,1376,105,1376,1217,14,22,47,10,005,051201
10005051202,Census Tract 512.02; Sussex County; Delaware,1042,136964,211563,1026,13,1042,901,17,4,2,10,005,051202
10005051203,Census Tract 512.03; Sussex County; Delaware,679,102917,127500,679,28,679,638,0,15,12,10,005,051203
10005051204,Census Tract 512.04; Sussex County; Delaware,696,112344,128750,693,23,696,610,0,1,9,10,005,051204
10005051205,Census Tract 512.05; Sussex County; Delaware,746,102500,124375,746,17,746,642,0,0,4,10,005,051205
10005051302,Census Tract 513.02; Sussex County; Delaware,5420,87681,108942,5403,405,5420,4786,410,42,49,10,005,051302
10005051307,Census Tract 513.07; Sussex County; Delaware,3260,98173,104418,3260,633,3260,3208,0,44,0,10,005,051307
10005051308,Census Tract 513.08; Sussex County; Delaware,3922,88893,95938,3922,192,3922,3753,103,0,27,10,005,051308
10005051309,Census Tract 513.09; Sussex County; Delaware,1347,64181,96042,1347,85,1347,1254,20,0,49,10,005,051309
10005051310,Census Tract 513.10; Sussex County; Delaware,2200,111161,124005,2200,57,2200,1999,130,0,51,10,005,051310
10005051311,Census Tract 513.11; Sussex County; Delaware,1659,115398,132083,1659,191,1659,1607,17,0,0,10,005,051311
10005051312,Census Tract 513.12; Sussex County; Delaware,2410,90332,146875,2410,147,2410,2282,0,12,9,10,005,051312
10005051313,Census Tract 513.13; Sussex County; Delaware,2961,82796,90293,2959,347,2961,2650,62,68,121,10,005,051313
10005051314,Census Tract 513.14; Sussex County; Delaware,2863,80779,100368,2863,136,2863,2638,34,16,102,10,005,051314
10005051400,Census Tract 514; Sussex County; Delaware,3763,80476,99040,3731,173,3763,2613,272,16,793,10,005,051400
10005051501,Census Tract 515.01; Sussex County; Delaware,2865,82929,98490,2865,297,2865,1636,488,17,683,10,005,051501
10005051502,Census Tract 515.02; Sussex County; Delaware,3446,82923,95915,3419,313,3446,2897,197,28,130,10,005,051502
10005051701,Census Tract 517.01; Sussex County; Delaware,4528,78542,90556,4518,355,4528,3751,228,48,381,10,005,051701
10005051702,Census Tract 517.02; Sussex County; Delaware,7067,75265,82991,7065,1015,7067,5265,752,64,705,10,005,051702
10005051801,Census Tract 518.01; Sussex County; Delaware,6057,45674,59700,6055,1585,6057,4026,1158,18,791,10,005,051801
10005051802,Census Tract 518.02; Sussex County; Delaware,4062,62358,68083,4047,881,4062,2110,1023,1,899,10,005,051802
10005051900,Census Tract 519; Sussex County; Delaware,4541,57734,82762,4449,433,4541,3215,701,91,158,10,005,051900
10005980000,Census Tract 9800; Sussex County; Delaware,0,-666666666,-666666666,0,0,0,0,0,0,0,10,005,980000
10005990000,Census Tract 9900; Sussex County; Delaware,0,-666666666,-666666666,0,0,0,0,0,0,0,10,005,990000
